Name;ID;Badge;Reviewed;Disc Percent;Qty Sold;Original Price;Final Price;Avg Rating;Prod URL;Shop Name;Shop ID;Shop City;Shop URL
sepedah mini phonix;1564661921;Power Badge;0;0;0;0;350000;;https://www.tokopedia.com/bekjul/sepedah-mini-phonix?refined=true;aksesoris motor bekas;895299;Kab. Kuningan;https://www.tokopedia.com/bekjul
Sepedah Gunung;201374499;Power Badge;0;0;0;0;950000;;https://www.tokopedia.com/promomainan/sepedah-gunung-1?refined=true;toko aneka filter;117136;Jakarta Timur;https://www.tokopedia.com/promomainan
redy sepedah gunung bekas 75% kondisi masih layak gan;334028454;;4;0;4;0;2000000;5.0;https://www.tokopedia.com/archive-fdjyhgkkk/redy-sepedah-gunung-bekas-75-kondisi-masih-layak-gan?refined=true;sepedah gunung 307;4104001;Malang;https://www.tokopedia.com/archive-fdjyhgkkk
Sepedah BMX batang stainlees;260869723;;0;0;0;0;650000;;https://www.tokopedia.com/archive-ikbalbmx/sepedah-bmx-batang-stainlees-1?refined=true;bmxikbal;3027390;Kab. Cianjur;https://www.tokopedia.com/archive-ikbalbmx
sepedah pocket rocket 20 fuull aloy;2015119184;;0;0;0;0;900000;;https://www.tokopedia.com/dewaalfikri/sepedah-pocket-rocket-20-fuull-aloy?refined=true;@dewaalfikri;9632306;Kab. Bogor;https://www.tokopedia.com/dewaalfikri
Sepedah Fixie Clasic Fullbike;2005281196;;0;0;0;0;3000000;;https://www.tokopedia.com/shopmeback/sepedah-fixie-clasic-fullbike-abu-abu-52-53?refined=true;ShopMeBackk;11902850;Jakarta Selatan;https://www.tokopedia.com/shopmeback
Sepedah fixi fixie murah soloist united -;2136705676;;0;0;0;0;1500000;;https://www.tokopedia.com/hargamurahhh/sepedah-fixi-fixie-murah-soloist-united?refined=true;coil prebuild;2499185;Bekasi;https://www.tokopedia.com/hargamurahhh
sepedah bmx GT;111202179;;0;0;0;0;55000;;https://www.tokopedia.com/archive-bmx22/sepedah-bmx-gt?refined=true;zuma22;1693863;Bandung;https://www.tokopedia.com/archive-bmx22
Sepedah bmx wimcycle original second;383320294;;0;0;0;0;280000;;https://www.tokopedia.com/baragajulstore/sepedah-bmx-wimcycle-original-second?refined=true;baragajulStore;5122780;Bandung;https://www.tokopedia.com/baragajulstore
Sepedah Dahon Speed P8;1663632477;Power Badge;0;0;0;0;7500000;;https://www.tokopedia.com/tokobekaspakai-1/sepedah-dahon-speed-p8?refined=true;toko bekaspakai;8858769;Jakarta Pusat;https://www.tokopedia.com/tokobekaspakai-1
sepedah lipat;1604593262;;0;0;0;0;1300000;;https://www.tokopedia.com/rifaldi24/sepedah-lipat?refined=true;rifaldi_24;7213841;Bandung;https://www.tokopedia.com/rifaldi24
TOWNSEND OREGONT TRAIL FEDERAL | SEPEDAH FEDERAL;1076253022;;0;0;0;0;3500000;;https://www.tokopedia.com/sunbokong/townsend-oregont-trail-federal-sepedah-federal?refined=true;SunbokongShop;2024680;Tangerang Selatan;https://www.tokopedia.com/sunbokong
sepedah murah;2140939716;;0;0;0;0;450000;;https://www.tokopedia.com/alibanda/sepedah-murah?refined=true;Ali banda;9892044;Jakarta Utara;https://www.tokopedia.com/alibanda
sepedah biasa;2140955004;;0;0;0;0;550000;;https://www.tokopedia.com/alibanda/sepedah-biasa?refined=true;Ali banda;9892044;Jakarta Utara;https://www.tokopedia.com/alibanda
redy sepedah gunung THrill bagus bgt gan;334021642;;1;0;1;0;1500000;5.0;https://www.tokopedia.com/archive-fdjyhgkkk/redy-sepedah-gunung-thrill-bagus-bgt-gan?refined=true;sepedah gunung 307;4104001;Malang;https://www.tokopedia.com/archive-fdjyhgkkk
Sepedah iimo bisa nego;1794792448;;0;0;0;0;400000;;https://www.tokopedia.com/aa-dd-1/sepedah-iimo-bisa-nego?refined=true;"Aa &amp; Dd";8697147;Jakarta Barat;https://www.tokopedia.com/aa-dd-1
sepedah lipat Element Rock Uk 20;1795773559;;0;0;0;0;2700000;;https://www.tokopedia.com/bikeaji/sepedah-lipat-element-rock-uk-20?refined=true;Bikeaji;11376298;Tasikmalaya;https://www.tokopedia.com/bikeaji
Sepedah BMX;13565946;;0;0;0;0;600000;;https://www.tokopedia.com/archive-luners/sepedah-bmx?refined=true;Luners;464297;Depok;https://www.tokopedia.com/archive-luners
sepedah MTB exotic et 2612 upgrade;1247762429;;0;0;0;0;6000000;;https://www.tokopedia.com/distrojersey/sepedah-mtb-exotic-et-2612-upgrade?refined=true;Distro Jersey;253655;Jakarta Timur;https://www.tokopedia.com/distrojersey
sepedah minivelo mixte;1634982294;;0;0;0;0;750000;;https://www.tokopedia.com/sepeda-costum/sepedah-minivelo-mixte?refined=true;sepeda costum;10958734;Surakarta;https://www.tokopedia.com/sepeda-costum
sepedah lipat dahon k3;1605427134;;0;0;0;0;6800000;;https://www.tokopedia.com/al-sha-geluk/sepedah-lipat-dahon-k3?refined=true;al-sha-geluk;10868776;Jakarta Pusat;https://www.tokopedia.com/al-sha-geluk
sepedah polygon c3;263376310;;0;0;0;0;7500000;;https://www.tokopedia.com/archive-andrianabike/sepedah-polygon-c3?refined=true;andrianabike;3067914;Bandung;https://www.tokopedia.com/archive-andrianabike
Sepedah Lipat || Exotic 2026mk;1545109435;;0;0;0;0;1000000;;https://www.tokopedia.com/xavhijab/sepedah-lipat-exotic-2026mk?refined=true;XavHijabCollection;5982830;Jakarta Pusat;https://www.tokopedia.com/xavhijab
Sepedah anak roda 3 family kuda pony;398775576;;0;0;0;0;450000;;https://www.tokopedia.com/archive-tokobayizekky/sepedah-anak-roda-3-family-kuda-pony-fuchsia?refined=true;Toko bayi Zekky;5226672;Kab. Bogor;https://www.tokopedia.com/archive-tokobayizekky
sepedah lipat;1027390548;;0;0;0;0;1500000;;https://www.tokopedia.com/jaya-goes/sepedah-lipat?refined=true;jaya goes;9116715;Tangerang;https://www.tokopedia.com/jaya-goes
Sepedah Listrik;227396042;;0;0;0;0;5200000;;https://www.tokopedia.com/archive-latiaqw/sepedah-listrik?refined=true;latiaaa;2693535;Kab. Bandung;https://www.tokopedia.com/archive-latiaqw
Sepedah minivelo mixte;1275048768;;0;0;0;0;10000000;;https://www.tokopedia.com/sobatupgrade/sepedah-minivelo-mixte?refined=true;Sobat upgrade NSD;8924984;Bandar Lampung;https://www.tokopedia.com/sobatupgrade
Treker pembuka ger depan Sepedah;2037450834;;0;0;0;0;19000;;https://www.tokopedia.com/samarindat/treker-pembuka-ger-depan-sepedah?refined=true;Ulun Stor;8237279;Samarinda;https://www.tokopedia.com/samarindat
sepedah gunung Genio Second;1478760070;;0;0;0;0;1850000;;https://www.tokopedia.com/herrysuzuki/sepedah-gunung-genio-second?refined=true;Juragan Suzuki;1803718;Jakarta Timur;https://www.tokopedia.com/herrysuzuki
Sepedah lipat anywears / unik / vintage;1741820077;;0;0;0;0;5000000;;https://www.tokopedia.com/rragam-1/sepedah-lipat-anywears-unik-vintage?refined=true;Ragam ragam aksesoris;9642793;Cilegon;https://www.tokopedia.com/rragam-1
FreeHub SEPEDAH MTB;1231332563;;0;0;0;0;80000;;https://www.tokopedia.com/operk/freehub-sepedah-mtb?refined=true;Toko tembakau 66;9793694;Kab. Bogor;https://www.tokopedia.com/operk
sepedah mtb 29;1124957999;;0;0;0;0;45000000;;https://www.tokopedia.com/binajie/sepedah-mtb-29?refined=true;Bina_jaya@jieshop;5954471;Kab. Bandung;https://www.tokopedia.com/binajie
Sepedah Bmx Miccycle;1855413142;;0;0;0;0;1100000;;https://www.tokopedia.com/vizeystore-2/sepedah-bmx-miccycle?refined=true;Vizeystore;11513298;Kab. Sukabumi;https://www.tokopedia.com/vizeystore-2
sepedah police vancouver MTB 27;1645842073;;0;0;0;0;4500000;;https://www.tokopedia.com/zoffyzoff21/sepedah-police-vancouver-mtb-27?refined=true;zoffyzoff21;10925241;Jakarta Timur;https://www.tokopedia.com/zoffyzoff21
Sepedah onthel antik ex moped model gapit original;1629281616;;0;0;0;0;3350000;;https://www.tokopedia.com/koleksiantikbekasi/sepedah-onthel-antik-ex-moped-model-gapit-original?refined=true;koleksi antik bekasi;9680198;Bekasi;https://www.tokopedia.com/koleksiantikbekasi
sepedah lipat dahon california original sturmey archer 3 speed;1529500663;;0;0;0;0;8500000;;https://www.tokopedia.com/adinantik/sepedah-lipat-dahon-california-original-sturmey-archer-3-speed?refined=true;barang antik jadoel;4878935;Bekasi;https://www.tokopedia.com/adinantik
sepedah mini size 26;1256803298;;0;0;0;0;600000;;https://www.tokopedia.com/rifqihcolection/sepedah-mini-size-26?refined=true;rifqihcolection;9898552;Jakarta Barat;https://www.tokopedia.com/rifqihcolection
Sepedah gunung, Exotic 7 speed Ban maxis (26x2.35) Kekuranga;1513642922;;0;0;0;0;2500000;;https://www.tokopedia.com/babecabemerah/sepedah-gunung-exotic-7-speed-ban-maxis-26x2-35-kekuranga?refined=true;babe cabemerah;8536890;Bogor;https://www.tokopedia.com/babecabemerah
Sepedah Listrik Super Rider;62531570;;0;0;0;0;3750000;;https://www.tokopedia.com/archive-gafaolshop/sepedah-listrik-super-rider?refined=true;Gafaolshop;1411296;Kab. Bantul;https://www.tokopedia.com/archive-gafaolshop
sepedah anak perempuan polygon 16 vintage;1516277283;;0;0;0;0;350000;;https://www.tokopedia.com/koleksiantikbekasi/sepedah-anak-perempuan-polygon-16-vintage?refined=true;koleksi antik bekasi;9680198;Bekasi;https://www.tokopedia.com/koleksiantikbekasi
helm tactical/helm fast/helm fast bj/helm sepedah;1996437754;;0;0;0;0;250000;;https://www.tokopedia.com/jokerteamstore/helm-tactical-helm-fast-helm-fast-bj-helm-sepedah?refined=true;Joker store;2218083;Kab. Bandung;https://www.tokopedia.com/jokerteamstore
sepedah cewe secound;2109594452;;0;0;0;0;500000;;https://www.tokopedia.com/rukashopid/sepedah-cewe-secound?refined=true;RukaShopid;12193241;Jakarta Selatan;https://www.tokopedia.com/rukashopid
sepedah mtb police montreal 911;107412671;;0;0;0;0;2000000;;https://www.tokopedia.com/archive-wisnobike/sepedah-mtb-police-montreal-911?refined=true;wisnobike;1678972;Jakarta Selatan;https://www.tokopedia.com/archive-wisnobike
helm anak sepedah jadul 169;1238023027;Power Merchant Pro Badge;0;0;0;0;121000;;https://www.tokopedia.com/oldgangster/helm-anak-sepedah-jadul-169?refined=true;Old Gangster;2246096;Jakarta Selatan;https://www.tokopedia.com/oldgangster
Primal samurai dragon jersey sepedah ( XXL - L );2190618615;Power Merchant Pro Badge;0;0;0;0;209000;;https://www.tokopedia.com/jsothriftshop/primal-samurai-dragon-jersey-sepedah-xxl-l?refined=true;jaket second original;6047003;Jakarta Selatan;https://www.tokopedia.com/jsothriftshop
Frankwear korea jersey sepedah ( 2XL - XL );2190636204;Power Merchant Pro Badge;0;0;0;0;189000;;https://www.tokopedia.com/jsothriftshop/frankwear-korea-jersey-sepedah-2xl-xl?refined=true;jaket second original;6047003;Jakarta Selatan;https://www.tokopedia.com/jsothriftshop
Ironman × rudy project jersey sepedah ( L );2190628686;Power Merchant Pro Badge;0;0;0;0;209000;;https://www.tokopedia.com/jsothriftshop/ironman-rudy-project-jersey-sepedah-l?refined=true;jaket second original;6047003;Jakarta Selatan;https://www.tokopedia.com/jsothriftshop
sepedah ADRENALINE XC3 full spec branded;208415465;;0;0;0;0;7500000;;https://www.tokopedia.com/archive-rheznandya/sepedah-adrenaline-xc3-full-spec-branded?refined=true;rheznandya;2487499;Depok;https://www.tokopedia.com/archive-rheznandya
Sepedah lipat murah fnhon gust;1491341857;;0;0;0;0;12000000;;https://www.tokopedia.com/archive-tridonapuntoaji-1644284236/sepedah-lipat-murah-fnhon-gust-biru-16?refined=true;ISSU;9567736;Bekasi;https://www.tokopedia.com/archive-tridonapuntoaji-1644284236
sepedah gunung;372457393;;0;0;0;0;80000000;;https://www.tokopedia.com/farhanfarid/sepedah-gunung?refined=true;farhanfarid;3943304;Kab. Gresik;https://www.tokopedia.com/farhanfarid
sepedah gunung (pajangan);1007914529;;0;0;0;0;500000;;https://www.tokopedia.com/hajakastore/sepedah-gunung-pajangan?refined=true;HAJAKA Store;2698230;Jakarta Pusat;https://www.tokopedia.com/hajakastore
Saddle sadel jok sepeda copotan Z-bike seli sepedah speda spedah;2887442048;Power Merchant Pro Badge;0;0;0;0;25000;;https://www.tokopedia.com/yaahstore/saddle-sadel-jok-sepeda-copotan-z-bike-seli-sepedah-speda-spedah?refined=true;Yaahstore;1113446;Depok;https://www.tokopedia.com/yaahstore
sepedah pasific;1588262545;;0;0;0;0;1800000;;https://www.tokopedia.com/rongs12/sepedah-pasific?refined=true;rongs12;10804109;Sukabumi;https://www.tokopedia.com/rongs12
sepedah onthel nederlandsche kroon mahkota belanda antik sebuah sepeda;1606850076;;0;0;0;0;6000000;;https://www.tokopedia.com/adinantik/sepedah-onthel-nederlandsche-kroon-mahkota-belanda-antik-sebuah-sepeda?refined=true;barang antik jadoel;4878935;Bekasi;https://www.tokopedia.com/adinantik
Preloved sepedah roda 3;2203435502;Power Merchant Pro Badge;0;0;0;0;900000;;https://www.tokopedia.com/nickylux/preloved-sepedah-roda-3?refined=true;NICKY LUX BAG;11887059;Kab. Bogor;https://www.tokopedia.com/nickylux
HARD CASE SEPEDAH B & W;2067473842;Power Merchant Pro Badge;0;0;0;0;2600000;;https://www.tokopedia.com/sgmotoshopp/hard-case-sepedah-b-w?refined=true;SG Moto Shop;5397541;Bandung;https://www.tokopedia.com/sgmotoshopp
Sepedah Fixie;120625343;;0;0;0;0;900000;;https://www.tokopedia.com/archive-serbiserba/sepedah-fixie?refined=true;Serbiserba14;1033338;Depok;https://www.tokopedia.com/archive-serbiserba
Sepedah mtb giant xtc ukr s;1262134598;;0;0;0;0;12000000;;https://www.tokopedia.com/dadoclink/sepedah-mtb-giant-xtc-ukr-s?refined=true;Dado clink;9451729;Jakarta Utara;https://www.tokopedia.com/dadoclink
ayoh di bukus sepedah gunung bekas gan;334018637;;1;0;2;0;1500000;5.0;https://www.tokopedia.com/archive-fdjyhgkkk/ayoh-di-bukus-sepedah-gunung-bekas-gan?refined=true;sepedah gunung 307;4104001;Malang;https://www.tokopedia.com/archive-fdjyhgkkk
Sepedah lipat Fnhon Gust fullbike;1973784069;Power Badge;0;0;0;0;12500000;;https://www.tokopedia.com/gegestore29/sepedah-lipat-fnhon-gust-fullbike?refined=true;gege_store29;8689076;Kab. Bandung;https://www.tokopedia.com/gegestore29
