,Name,ID,Badge,Reviewed,Disc Percent,Qty Sold,Original Price,Final Price,Avg Rating,Prod URL,Shop Name,Shop ID,Shop City,Shop URL
0,VM Kemeja Polos Panjang Hitam Kemeja Formal Slimfit,347271664,Official Store,383,28,0,159000,115000,4.7,https://www.tokopedia.com/vm-vanmarvell/vm-kemeja-polos-panjang-hitam-kemeja-formal-slimfit-hitam-m,VM VanMarvell,126390,Jakarta Utara,https://www.tokopedia.com/vm-vanmarvell
1,MIKE PM Kemeja Flannel Slimfit M L XL 298,2047861269,Official Store,248,68,376,399000,127680,4.9,https://www.tokopedia.com/mike-pm/mike-pm-kemeja-flannel-slimfit-m-l-xl-298-m-e570,MIKE PM,2609077,Tangerang Selatan,https://www.tokopedia.com/mike-pm
2,FortKlass KAESANG Kemeja JUMBO Pria Lengan Pendek Kemeja Kasual Cowok,561225578,Official Store,1116,43,0,108000,62000,4.6,https://www.tokopedia.com/fortklass/fortklass-kaesang-kemeja-jumbo-pria-lengan-pendek-kemeja-kasual-cowok-biru-muda-xxl,FortKlass,3996920,Jakarta Barat,https://www.tokopedia.com/fortklass
3,Kemeja Polos Hitam Cowok Panjang Kerja kantor Slimfit / Baju Pria,1138827179,Official Store,2807,78,6200,390000,87500,4.6,https://www.tokopedia.com/aljosa/kemeja-polos-hitam-cowok-panjang-kerja-kantor-slimfit-baju-pria-xl,ALJOSA,914809,Tangerang,https://www.tokopedia.com/aljosa
4,MILLER KEMEJA POLOS PRIA LENGAN PANJANG KEMEJA COWO FORMAL SLIM FIT,341826381,Official Store,1772,33,4200,95000,64000,4.6,https://www.tokopedia.com/fortklass/miller-kemeja-polos-pria-lengan-panjang-kemeja-cowo-formal-slim-fit-navy-l,FortKlass,3996920,Jakarta Barat,https://www.tokopedia.com/fortklass
5,KEMEJA CUBAN HAWAI DYLLCO - ROME HAWAIIAN SHIRT,2074589920,Official Store,139,30,275,215000,150500,5.0,https://www.tokopedia.com/dyllcoofficial/kemeja-cuban-hawai-dyllco-rome-hawaiian-shirt-s,Dyllco Official,5634052,Bandung,https://www.tokopedia.com/dyllcoofficial
6,RAUNG ADVENTURE Kemeja PDL Lapangan Lengan Panjang Pria - Size S-XL,684863409,Official Store,179,4,412,125000,120000,4.9,https://www.tokopedia.com/raungadventure/raung-adventure-kemeja-pdl-lapangan-lengan-panjang-pria-size-s-xl-hitam-s,RAUNG ADVENTURE,579661,Kab. Bandung,https://www.tokopedia.com/raungadventure
7,GARAF ROY KEMEJA PRIA LENGAN PENDEK SLIMFIT ATASAN PRIA POLOS PUTIH,1685281497,Official Store,1012,38,1900,90000,56000,4.7,https://www.tokopedia.com/garafofficial/garaf-roy-kemeja-pria-lengan-pendek-slimfit-atasan-pria-polos-putih-maroon-l,Garaf Official,9384776,Jakarta Barat,https://www.tokopedia.com/garafofficial
8,Kemeja Pria Lengan Pendek Hitam Formal Jumbo Big Size 4XL Motif Polos,2121396984,Power Merchant Pro Badge,478,12,765,50900,44900,4.7,https://www.tokopedia.com/ldiapparel/kemeja-pria-lengan-pendek-hitam-formal-jumbo-big-size-4xl-motif-polos-m,LDI Apparel,10511226,Kab. Cirebon,https://www.tokopedia.com/ldiapparel
9,Boodis Kemeja Polos Pria Modern Limited Terbaru Gentle Black Long,1819438456,Official Store,225,40,373,225000,135000,4.9,https://www.tokopedia.com/broodis/boodis-kemeja-polos-pria-modern-limited-terbaru-gentle-black-long-s-cotton-black,Broodis,744128,Tangerang Selatan,https://www.tokopedia.com/broodis
10,M231 Kemeja Pria Basic Polos Oxford Pendek Hitam 1457H,1891704679,Official Store,377,69,583,379000,119000,4.9,https://www.tokopedia.com/m231official/m231-kemeja-pria-basic-polos-oxford-pendek-hitam-1457h-l?whid=11043117,M231 Official Store,5343403,Surabaya,https://www.tokopedia.com/m231official
11,Kemeja Polos Pria Ciangi Lengan Panjang Kerah Sanghai Lacos,1665601697,Power Merchant Pro Badge,1094,6,2100,95000,89300,4.8,https://www.tokopedia.com/broguyid/kemeja-polos-pria-ciangi-lengan-panjang-kerah-sanghai-lacos-putih-m?whid=11043117,BROGUYID,11044128,Kab. Kuningan,https://www.tokopedia.com/broguyid
12,GARAF RAF Baju Kemeja Lengan Panjang Pria putih Hitam Polos Slimfit,1450526662,Official Store,1343,33,2400,99000,66000,4.6,https://www.tokopedia.com/garafofficial/garaf-raf-baju-kemeja-lengan-panjang-pria-putih-hitam-polos-slimfit-navy-m?whid=11043117,Garaf Official,9384776,Jakarta Barat,https://www.tokopedia.com/garafofficial
13,Kemeja Pique Lengan Panjang Premium Dzargo,2036159921,Official Store,252,50,480,199000,99000,4.9,https://www.tokopedia.com/dzargoofficial/kemeja-pique-lengan-panjang-premium-dzargo-navy-l?whid=11043117,DZARGO Official Store,10402199,Kab. Purbalingga,https://www.tokopedia.com/dzargoofficial
14,"Kemeja Lengan Pendek Original Motz, Kemeja Pria Murah, Kemeja Keren",674709935,Power Merchant Pro Badge,1630,50,3100,278000,139000,4.8,https://www.tokopedia.com/tokopakaianjr/kemeja-lengan-pendek-original-motz-kemeja-pria-murah-kemeja-keren-hitam-m-c847?whid=11043117,Toko Pakaian JR,5502677,Bandung,https://www.tokopedia.com/tokopakaianjr
15,Coop Design - Glenn Kemeja Formal Lengan Pendek Pria,765165266,Official Store,960,52,0,289000,139000,4.9,https://www.tokopedia.com/coopdesign/coop-design-glenn-kemeja-formal-lengan-pendek-pria-hitam-m?whid=11043117,Coop Design,7208351,Bandung,https://www.tokopedia.com/coopdesign
16,Kemeja Flanel Pria Baju Hem Flanel Flannel Kotak Kotak Unisex Murah,1982501041,Power Merchant Pro Badge,288,0,651,0,50000,4.7,https://www.tokopedia.com/najahcolection/kemeja-flanel-pria-baju-hem-flanel-flannel-kotak-kotak-unisex-murah-flanel-06-l?whid=11043117,Najah Colection,10316581,Kab. Pemalang,https://www.tokopedia.com/najahcolection
17,Coop Design - Alexis Kemeja Formal Pria Lengan Panjang,765167334,Official Store,448,55,0,329000,149000,4.8,https://www.tokopedia.com/coopdesign/coop-design-alexis-kemeja-formal-pria-lengan-panjang-abu-abu-m?whid=11043117,Coop Design,7208351,Bandung,https://www.tokopedia.com/coopdesign
18,Baju kemeja pria cowok motif printing rayon hawai pantai bali distro,1547135838,Power Merchant Pro Badge,332,0,873,0,41999,4.8,https://www.tokopedia.com/drshopx/baju-kemeja-pria-cowok-motif-printing-rayon-hawai-pantai-bali-distro-gambar-4-l?whid=11043117,DRShopx,8544727,Kab. Pekalongan,https://www.tokopedia.com/drshopx
19,Nanstore | Jaket/Kemeja Semi Parka Pria Murah 8 Warna,1926541312,Power Merchant Pro Badge,200,0,406,0,62999,4.9,https://www.tokopedia.com/nanstore-shp/nanstore-jaket-kemeja-semi-parka-pria-murah-8-warna-abu-s?whid=11043117,Nanstore_shp,11589718,Kab. Bandung,https://www.tokopedia.com/nanstore-shp
20,KEMEJA CUBAN HAWAI DYLLCO - OSLO HAWAIIAN SHIRT,2047537483,Official Store,302,30,507,215000,150500,4.9,https://www.tokopedia.com/dyllcoofficial/kemeja-cuban-hawai-dyllco-oslo-hawaiian-shirt-s?whid=11043117,Dyllco Official,5634052,Bandung,https://www.tokopedia.com/dyllcoofficial
21,FTSL KANTOR PDK kemeja lengan pendek pria polos,1998812810,Official Store,111,50,307,98000,49000,4.6,https://www.tokopedia.com/ftslapparel/ftsl-kantor-pdk-kemeja-lengan-pendek-pria-polos-biru-m?whid=11043117,ftslapparel,5366211,Jakarta Utara,https://www.tokopedia.com/ftslapparel
22,Kemeja Polos Cowok Panjang Kerja kantor pria Hitam Navy Maron Army,1622074868,Power Merchant Pro Badge,126,0,262,0,85000,4.8,https://www.tokopedia.com/snclthesid/kemeja-polos-cowok-panjang-kerja-kantor-pria-hitam-navy-maron-army-hitam-m?whid=11043117,SNclthesid,7788879,Jakarta Barat,https://www.tokopedia.com/snclthesid
23,kemeja flanel pria lengan panjang Slimfit/Kemeja Flanel Casual,2080339978,Power Merchant Pro Badge,71,37,141,199000,124900,4.8,https://www.tokopedia.com/ahycolection/kemeja-flanel-pria-lengan-panjang-slimfit-kemeja-flanel-casual-ah5-m?whid=11043117,ahycolection,9635895,Tangerang Selatan,https://www.tokopedia.com/ahycolection
24,kemeja pemuda pancasila pp loreng,1970292007,Power Merchant Pro Badge,56,0,163,0,65000,4.7,https://www.tokopedia.com/wackerstoreid/kemeja-pemuda-pancasila-pp-loreng-s?whid=11043117,Hiraethid,9546560,Bandung,https://www.tokopedia.com/wackerstoreid
25,kemeja panjang cowok flannel flanel kotak,1622599188,Power Merchant Pro Badge,128,0,233,0,60000,4.8,https://www.tokopedia.com/fariszshop/kemeja-panjang-cowok-flannel-flanel-kotak-no-9-m?whid=11043117,fariszshop,10478773,Surabaya,https://www.tokopedia.com/fariszshop
26,Benhill Kemeja Pria Basic Polos Panjang Katun Poplin Hitam 27357-58,1801950975,Official Store,264,74,418,499000,129000,4.9,https://www.tokopedia.com/benhill-1/benhill-kemeja-pria-basic-polos-panjang-katun-poplin-hitam-27357-58-s?whid=11043117,Benhill_Official_Shop,8562858,Surabaya,https://www.tokopedia.com/benhill-1
27,GARAF KELVI KEMEJA PRIA LENGAN PANJANG SLIMFIT ATASAN PRIA POLOS PUTIH,1688501905,Official Store,912,36,1900,99000,63000,4.6,https://www.tokopedia.com/garafofficial/garaf-kelvi-kemeja-pria-lengan-panjang-slimfit-atasan-pria-polos-putih-putih-m?whid=11043117,Garaf Official,9384776,Jakarta Barat,https://www.tokopedia.com/garafofficial
28,kemeja pria lengan panjang Putih slim fit Bahan Premium,1938149556,Power Merchant Pro Badge,1612,0,2700,0,85000,4.9,https://www.tokopedia.com/snclthesid/kemeja-pria-lengan-panjang-putih-slim-fit-bahan-premium-putih-m?whid=11043117,SNclthesid,7788879,Jakarta Barat,https://www.tokopedia.com/snclthesid
29,KEMEJA TACTICAL W TAC - LENGAN PANJANG - KEMEJA WTAC - TACTICAL - 511,1674680096,Power Merchant Pro Badge,210,4,1000,103500,99360,4.9,https://www.tokopedia.com/crystalarmyshop/kemeja-tactical-w-tac-lengan-panjang-kemeja-wtac-tactical-511-biru-m?whid=11043117,crystalarmyshop,7583123,Kab. Bandung,https://www.tokopedia.com/crystalarmyshop
30,Kemeja Lengan Panjang Pria Cottonology Hella Putih,709719002,Official Store,327,67,559,335000,110550,4.8,https://www.tokopedia.com/cottonology-indo/kemeja-lengan-panjang-pria-cottonology-hella-putih-m?whid=11043117,Cottonology Indonesia,3086441,Bandung,https://www.tokopedia.com/cottonology-indo
31,Kemeja Pique Lengan Panjang Premium Dzargo - Army,2036208247,Official Store,47,50,74,199000,99000,4.9,https://www.tokopedia.com/dzargoofficial/kemeja-pique-lengan-panjang-premium-dzargo-army-xl-201c?whid=11043117,DZARGO Official Store,10402199,Kab. Purbalingga,https://www.tokopedia.com/dzargoofficial
32,KEMEJA TACTICAL W-TAC LENGAN PENDEK,1986149328,Power Merchant Pro Badge,122,3,404,95000,92150,4.8,https://www.tokopedia.com/juragankonfeksi/kemeja-tactical-w-tac-lengan-pendek-hijau-army-l?whid=11043117,Juragan_konfeksi,9169992,Kab. Bandung,https://www.tokopedia.com/juragankonfeksi
33,kemeja tactical kitanica panjang/kemeja terbaru/kemeja outdoor,2132187687,Power Merchant Pro Badge,121,23,314,150000,115500,4.8,https://www.tokopedia.com/tacticalking/kemeja-tactical-kitanica-panjang-kemeja-terbaru-kemeja-outdoor-hijau-army-m?whid=11043117,Tactical king,8250138,Kab. Bandung,https://www.tokopedia.com/tacticalking
34,VM Kemeja Formal Putih Polos Panjang Slimfit (To Kcg-Putih),303574295,Official Store,201,26,437,155000,115000,4.7,https://www.tokopedia.com/vm-vanmarvell/vm-kemeja-formal-putih-polos-panjang-slimfit-to-kcg-putih-putih-xxl?whid=11043117,VM VanMarvell,126390,Jakarta Utara,https://www.tokopedia.com/vm-vanmarvell
35,Kemeja Hitam Polos Pria Lengan Pendek | Baju Cowok Slimfit,1142898215,Official Store,1436,79,3300,370000,77500,4.6,https://www.tokopedia.com/aljosa/kemeja-hitam-polos-pria-lengan-pendek-baju-cowok-slimfit-m?whid=11043117,ALJOSA,914809,Tangerang,https://www.tokopedia.com/aljosa
36,Kemeja Alisan Pria Polos Lengan Panjang Original,1315076349,Power Merchant Pro Badge,883,0,1900,0,124500,4.9,https://www.tokopedia.com/mouapparel/kemeja-alisan-pria-polos-lengan-panjang-original-putih-rg-15-m?whid=11043117,MouApparel,9204685,Jakarta Pusat,https://www.tokopedia.com/mouapparel
37,KEMEJA FLANEL PRIA LENGAN PANJANG DISTRO KEMEJA FANEL MOTIP KOTAK,2066779496,Power Merchant Pro Badge,614,0,1300,0,53000,4.8,https://www.tokopedia.com/azurastore69/kemeja-flanel-pria-lengan-panjang-distro-kemeja-fanel-motip-kotak-f3-m?whid=11043117,AZURA_STORE69,12084309,Kab. Pekalongan,https://www.tokopedia.com/azurastore69
38,Kemeja Flanel Pria Kotak Kotak Lengan Panjang Premium Quality Distro,1940659428,Power Merchant Pro Badge,503,14,877,115000,99000,4.8,https://www.tokopedia.com/predzidofficial/kemeja-flanel-pria-kotak-kotak-lengan-panjang-premium-quality-distro-pzd-012-l?whid=11043117,PREDZ_ID OFFICIAL,5215638,Tangerang Selatan,https://www.tokopedia.com/predzidofficial
39,Kemeja Pria Lengan Pendek Motif Jeans Denim Levis Baju Casual Murah,2065873014,Power Merchant Pro Badge,136,0,251,0,59900,4.8,https://www.tokopedia.com/zilionstore/kemeja-pria-lengan-pendek-motif-jeans-denim-levis-baju-casual-murah-pendek-hitam-m?whid=11043117,zilion_store,7331314,Pekalongan,https://www.tokopedia.com/zilionstore
40,Kemeja Tactical W-TAC lengan pendek,1820633142,Power Merchant Pro Badge,787,0,2100,0,95000,4.9,https://www.tokopedia.com/tacticalking/kemeja-tactical-w-tac-lengan-pendek-merah-s?whid=11043117,Tactical king,8250138,Kab. Bandung,https://www.tokopedia.com/tacticalking
41,Kemeja Pria Lengan Pendek Flanel Super Premium Unisex Exlusive,2274483148,Power Merchant Pro Badge,119,10,217,100000,90000,4.8,https://www.tokopedia.com/kemejaflanel1/kemeja-pria-lengan-pendek-flanel-super-premium-unisex-exlusive-flanel-06-b-m?whid=11043117,ARULSHOP27,4194923,Tangerang Selatan,https://www.tokopedia.com/kemejaflanel1
42,KEMEJA TACTICAL W TAC - KEMEJA WTAC - LENGAN PENDEK,2765495630,Power Merchant Pro Badge,280,0,761,0,97500,4.8,https://www.tokopedia.com/madreid-1/kemeja-tactical-w-tac-kemeja-wtac-lengan-pendek-putih-s?whid=11043117,MADRE.ID,7337413,Kab. Bandung,https://www.tokopedia.com/madreid-1
43,KEMEJA POLOS CASUAL SLIMFIT PRIA LENGAN PANJANG PIQUE,1664074134,Power Merchant Pro Badge,1056,2,1900,130000,128000,4.8,https://www.tokopedia.com/broguyid/kemeja-polos-casual-slimfit-pria-lengan-panjang-pique-army-l?whid=11043117,BROGUYID,11044128,Kab. Kuningan,https://www.tokopedia.com/broguyid
44,Ribsgold Kemeja Ultimate / Kemeja Pria / Kemeja Pria Lengan Pendek,1955942381,Power Merchant Pro Badge,50,1,149,69000,67990,4.8,https://www.tokopedia.com/stupitoid/ribsgold-kemeja-ultimate-kemeja-pria-kemeja-pria-lengan-pendek-sport-blue-m?whid=11043117,STUPITO.ID,11717314,Kab. Tangerang,https://www.tokopedia.com/stupitoid
45,KEMEJA LAPANGAN / KEMEJA PDL / KEMEJA / KEMEJA OUTDOOR,1610154762,Power Merchant Pro Badge,130,0,459,0,85000,4.9,https://www.tokopedia.com/crystalarmyshop/kemeja-lapangan-kemeja-pdl-kemeja-kemeja-outdoor-hitam-xxl?whid=11043117,crystalarmyshop,7583123,Kab. Bandung,https://www.tokopedia.com/crystalarmyshop
46,Kemeja Pique Lengan Panjang Premium Dzargo - Hitam,2036297030,Official Store,36,50,52,199000,99000,5.0,https://www.tokopedia.com/dzargoofficial/kemeja-pique-lengan-panjang-premium-dzargo-hitam-l-d95d?whid=11043117,DZARGO Official Store,10402199,Kab. Purbalingga,https://www.tokopedia.com/dzargoofficial
47,Kemeja Pria Salice Paolo Pendek Reguler Kotak Sigmund Biru Navy,1107358002,Power Merchant Pro Badge,273,0,475,0,85000,4.8,https://www.tokopedia.com/megaheroshirts/kemeja-pria-salice-paolo-pendek-reguler-kotak-sigmund-biru-navy-ktk-kcl-navy-m?whid=11043117,Mega Hero Shirts,673148,Jakarta Barat,https://www.tokopedia.com/megaheroshirts
48,kemeja pria hitam polos lengan panjang - kemeja cowok lengan panjang,1401780565,Power Merchant Pro Badge,170,0,381,0,55000,4.6,https://www.tokopedia.com/pusatgrosirkemeja/kemeja-pria-hitam-polos-lengan-panjang-kemeja-cowok-lengan-panjang-abu-muda-l?whid=11043117,pusat grosir kemeja bandung,8953698,Bandung,https://www.tokopedia.com/pusatgrosirkemeja
49,Seragam mandiri Baju kemeja PDL One Mandiri team,1649436738,Power Merchant Pro Badge,196,0,397,0,134000,4.9,https://www.tokopedia.com/tokokholifah/seragam-mandiri-baju-kemeja-pdl-one-mandiri-team-putih-m?whid=11043117,Toko Kholifah,158677,Surabaya,https://www.tokopedia.com/tokokholifah
50,Kemeja Jumbo Pria Polos Kasual Merah Maroon Lengan Pendek Big Size 5L,2121522562,Power Merchant Pro Badge,275,12,440,50900,44900,4.8,https://www.tokopedia.com/ldiapparel/kemeja-jumbo-pria-polos-kasual-merah-maroon-lengan-pendek-big-size-5l-m?whid=11043117,LDI Apparel,10511226,Kab. Cirebon,https://www.tokopedia.com/ldiapparel
51,Kemeja flanel Big size Brill Eighty Eight original,1629706210,Power Merchant Pro Badge,187,63,332,350000,129500,4.9,https://www.tokopedia.com/revalinostore-1/kemeja-flanel-big-size-brill-eighty-eight-original-j1-xxl?whid=11043117,Revalino_Store,10648247,Tangerang Selatan,https://www.tokopedia.com/revalinostore-1
52,Kemeja Pria Lengan Pendek Cowok Motif Surfing Baju Pantai Hawai Bunga,2041510011,Power Merchant Pro Badge,111,0,324,0,39900,4.6,https://www.tokopedia.com/dianofficialshop-1/kemeja-pria-lengan-pendek-cowok-motif-surfing-baju-pantai-hawai-bunga-random-acak-m?whid=11043117,Dian Official Shop.,9488751,Kab. Pekalongan,https://www.tokopedia.com/dianofficialshop-1
53,Kemeja PDL Lapangan Tactical Lengan Panjang Outdoor Baju Taktikal Pdh,2646727300,Power Merchant Pro Badge,444,0,1600,0,110000,4.9,https://www.tokopedia.com/nettershop/kemeja-pdl-lapangan-tactical-lengan-panjang-outdoor-baju-taktikal-pdh-navy-xs?whid=11043117,Netter Shop,1709647,Bandung,https://www.tokopedia.com/nettershop
54,Kemeja Kotak-kotak Pria Lengan Panjang Cowok Flanel Casual Terbaru XL,2041584885,Power Merchant Pro Badge,260,0,518,0,59000,4.7,https://www.tokopedia.com/wishakaofficial/kemeja-kotak-kotak-pria-lengan-panjang-cowok-flanel-casual-terbaru-xl-random-acak-m?whid=11043117,Wishaka Official Shop.,9756236,Kab. Pekalongan,https://www.tokopedia.com/wishakaofficial
55,Kemeja Pendek Kotak Pria Big Size Kerja Casual Jumbo Katun XXXL XXXXL,588429983,Power Merchant Pro Badge,1199,0,2200,0,140000,4.9,https://www.tokopedia.com/bad-store/kemeja-pendek-kotak-pria-big-size-kerja-casual-jumbo-katun-xxxl-xxxxl-hitam-xxl?whid=11043117,BAD-STORE,3232526,Bandung,https://www.tokopedia.com/bad-store
56,Kemeja Parka Semi Jaket Panjang Pria Big Size Jumbo Casual Kerja Cowok,1180302847,Power Merchant Pro Badge,544,0,868,0,150000,4.9,https://www.tokopedia.com/bad-store/kemeja-parka-semi-jaket-panjang-pria-big-size-jumbo-casual-kerja-cowok-biru-5xl?whid=11043117,BAD-STORE,3232526,Bandung,https://www.tokopedia.com/bad-store
57,M231 Kemeja Pria Basic Polos Oxford Panjang Warna Hitam 1456C,1128290726,Official Store,362,68,583,429000,139000,4.9,https://www.tokopedia.com/m231official/m231-kemeja-pria-basic-polos-oxford-panjang-warna-hitam-1456c-l?whid=11043117,M231 Official Store,5343403,Kab. Tangerang,https://www.tokopedia.com/m231official
58,Kemeja Arrow Putih Lengan Pendek Regular KC71,1701585025,Power Merchant Pro Badge,306,0,657,0,85000,4.9,https://www.tokopedia.com/jaketimportmurah/kemeja-arrow-putih-lengan-pendek-regular-kc71-14-5?whid=11043117,Banten Distro Online,2816772,Tangerang,https://www.tokopedia.com/jaketimportmurah
59,Shirt Man Amarine | Kemeja Kantor Acara Kasual Pria - Ribsgold,1816517729,Power Merchant Pro Badge,122,0,294,0,69000,4.8,https://www.tokopedia.com/gutgoods/shirt-man-amarine-kemeja-kantor-acara-kasual-pria-ribsgold-tanya-stok-dulu-l?whid=11043117,gutgoods,8084143,Tangerang Selatan,https://www.tokopedia.com/gutgoods
60,VM Kemeja Polos Panjang Hitam Kemeja Formal Slimfit,347271664,Official Store,383,28,0,159000,115000,4.7,https://www.tokopedia.com/vm-vanmarvell/vm-kemeja-polos-panjang-hitam-kemeja-formal-slimfit-hitam-m,VM VanMarvell,126390,Jakarta Utara,https://www.tokopedia.com/vm-vanmarvell
61,MIKE PM Kemeja Flannel Slimfit M L XL 298,2047861269,Official Store,248,68,376,399000,127680,4.9,https://www.tokopedia.com/mike-pm/mike-pm-kemeja-flannel-slimfit-m-l-xl-298-m-e570,MIKE PM,2609077,Tangerang Selatan,https://www.tokopedia.com/mike-pm
62,FortKlass KAESANG Kemeja JUMBO Pria Lengan Pendek Kemeja Kasual Cowok,561225578,Official Store,1116,43,0,108000,62000,4.6,https://www.tokopedia.com/fortklass/fortklass-kaesang-kemeja-jumbo-pria-lengan-pendek-kemeja-kasual-cowok-biru-muda-xxl,FortKlass,3996920,Jakarta Barat,https://www.tokopedia.com/fortklass
63,Kemeja Polos Hitam Cowok Panjang Kerja kantor Slimfit / Baju Pria,1138827179,Official Store,2807,78,6200,390000,87500,4.6,https://www.tokopedia.com/aljosa/kemeja-polos-hitam-cowok-panjang-kerja-kantor-slimfit-baju-pria-xl,ALJOSA,914809,Tangerang,https://www.tokopedia.com/aljosa
64,MILLER KEMEJA POLOS PRIA LENGAN PANJANG KEMEJA COWO FORMAL SLIM FIT,341826381,Official Store,1772,33,4200,95000,64000,4.6,https://www.tokopedia.com/fortklass/miller-kemeja-polos-pria-lengan-panjang-kemeja-cowo-formal-slim-fit-navy-l,FortKlass,3996920,Jakarta Barat,https://www.tokopedia.com/fortklass
65,KEMEJA CUBAN HAWAI DYLLCO - ROME HAWAIIAN SHIRT,2074589920,Official Store,139,30,275,215000,150500,5.0,https://www.tokopedia.com/dyllcoofficial/kemeja-cuban-hawai-dyllco-rome-hawaiian-shirt-s,Dyllco Official,5634052,Bandung,https://www.tokopedia.com/dyllcoofficial
66,RAUNG ADVENTURE Kemeja PDL Lapangan Lengan Panjang Pria - Size S-XL,684863409,Official Store,179,4,412,125000,120000,4.9,https://www.tokopedia.com/raungadventure/raung-adventure-kemeja-pdl-lapangan-lengan-panjang-pria-size-s-xl-hitam-s,RAUNG ADVENTURE,579661,Kab. Bandung,https://www.tokopedia.com/raungadventure
67,GARAF ROY KEMEJA PRIA LENGAN PENDEK SLIMFIT ATASAN PRIA POLOS PUTIH,1685281497,Official Store,1012,38,1900,90000,56000,4.7,https://www.tokopedia.com/garafofficial/garaf-roy-kemeja-pria-lengan-pendek-slimfit-atasan-pria-polos-putih-maroon-l,Garaf Official,9384776,Jakarta Barat,https://www.tokopedia.com/garafofficial
68,Kemeja Pria Lengan Pendek Hitam Formal Jumbo Big Size 4XL Motif Polos,2121396984,Power Merchant Pro Badge,478,12,765,50900,44900,4.7,https://www.tokopedia.com/ldiapparel/kemeja-pria-lengan-pendek-hitam-formal-jumbo-big-size-4xl-motif-polos-m,LDI Apparel,10511226,Kab. Cirebon,https://www.tokopedia.com/ldiapparel
69,Boodis Kemeja Polos Pria Modern Limited Terbaru Gentle Black Long,1819438456,Official Store,225,40,373,225000,135000,4.9,https://www.tokopedia.com/broodis/boodis-kemeja-polos-pria-modern-limited-terbaru-gentle-black-long-s-cotton-black,Broodis,744128,Tangerang Selatan,https://www.tokopedia.com/broodis
70,M231 Kemeja Pria Basic Polos Oxford Pendek Hitam 1457H,1891704679,Official Store,377,69,583,379000,119000,4.9,https://www.tokopedia.com/m231official/m231-kemeja-pria-basic-polos-oxford-pendek-hitam-1457h-l?whid=11043117,M231 Official Store,5343403,Surabaya,https://www.tokopedia.com/m231official
71,Kemeja Polos Pria Ciangi Lengan Panjang Kerah Sanghai Lacos,1665601697,Power Merchant Pro Badge,1094,6,2100,95000,89300,4.8,https://www.tokopedia.com/broguyid/kemeja-polos-pria-ciangi-lengan-panjang-kerah-sanghai-lacos-putih-m?whid=11043117,BROGUYID,11044128,Kab. Kuningan,https://www.tokopedia.com/broguyid
72,GARAF RAF Baju Kemeja Lengan Panjang Pria putih Hitam Polos Slimfit,1450526662,Official Store,1343,33,2400,99000,66000,4.6,https://www.tokopedia.com/garafofficial/garaf-raf-baju-kemeja-lengan-panjang-pria-putih-hitam-polos-slimfit-navy-m?whid=11043117,Garaf Official,9384776,Jakarta Barat,https://www.tokopedia.com/garafofficial
73,Kemeja Pique Lengan Panjang Premium Dzargo,2036159921,Official Store,252,50,480,199000,99000,4.9,https://www.tokopedia.com/dzargoofficial/kemeja-pique-lengan-panjang-premium-dzargo-navy-l?whid=11043117,DZARGO Official Store,10402199,Kab. Purbalingga,https://www.tokopedia.com/dzargoofficial
74,"Kemeja Lengan Pendek Original Motz, Kemeja Pria Murah, Kemeja Keren",674709935,Power Merchant Pro Badge,1630,50,3100,278000,139000,4.8,https://www.tokopedia.com/tokopakaianjr/kemeja-lengan-pendek-original-motz-kemeja-pria-murah-kemeja-keren-hitam-m-c847?whid=11043117,Toko Pakaian JR,5502677,Bandung,https://www.tokopedia.com/tokopakaianjr
75,Coop Design - Glenn Kemeja Formal Lengan Pendek Pria,765165266,Official Store,960,52,0,289000,139000,4.9,https://www.tokopedia.com/coopdesign/coop-design-glenn-kemeja-formal-lengan-pendek-pria-hitam-m?whid=11043117,Coop Design,7208351,Bandung,https://www.tokopedia.com/coopdesign
76,Kemeja Flanel Pria Baju Hem Flanel Flannel Kotak Kotak Unisex Murah,1982501041,Power Merchant Pro Badge,288,0,651,0,50000,4.7,https://www.tokopedia.com/najahcolection/kemeja-flanel-pria-baju-hem-flanel-flannel-kotak-kotak-unisex-murah-flanel-06-l?whid=11043117,Najah Colection,10316581,Kab. Pemalang,https://www.tokopedia.com/najahcolection
77,Coop Design - Alexis Kemeja Formal Pria Lengan Panjang,765167334,Official Store,448,55,0,329000,149000,4.8,https://www.tokopedia.com/coopdesign/coop-design-alexis-kemeja-formal-pria-lengan-panjang-abu-abu-m?whid=11043117,Coop Design,7208351,Bandung,https://www.tokopedia.com/coopdesign
78,Baju kemeja pria cowok motif printing rayon hawai pantai bali distro,1547135838,Power Merchant Pro Badge,332,0,873,0,41999,4.8,https://www.tokopedia.com/drshopx/baju-kemeja-pria-cowok-motif-printing-rayon-hawai-pantai-bali-distro-gambar-4-l?whid=11043117,DRShopx,8544727,Kab. Pekalongan,https://www.tokopedia.com/drshopx
79,Nanstore | Jaket/Kemeja Semi Parka Pria Murah 8 Warna,1926541312,Power Merchant Pro Badge,200,0,406,0,62999,4.9,https://www.tokopedia.com/nanstore-shp/nanstore-jaket-kemeja-semi-parka-pria-murah-8-warna-abu-s?whid=11043117,Nanstore_shp,11589718,Kab. Bandung,https://www.tokopedia.com/nanstore-shp
80,KEMEJA CUBAN HAWAI DYLLCO - OSLO HAWAIIAN SHIRT,2047537483,Official Store,302,30,507,215000,150500,4.9,https://www.tokopedia.com/dyllcoofficial/kemeja-cuban-hawai-dyllco-oslo-hawaiian-shirt-s?whid=11043117,Dyllco Official,5634052,Bandung,https://www.tokopedia.com/dyllcoofficial
81,FTSL KANTOR PDK kemeja lengan pendek pria polos,1998812810,Official Store,111,50,307,98000,49000,4.6,https://www.tokopedia.com/ftslapparel/ftsl-kantor-pdk-kemeja-lengan-pendek-pria-polos-biru-m?whid=11043117,ftslapparel,5366211,Jakarta Utara,https://www.tokopedia.com/ftslapparel
82,Kemeja Polos Cowok Panjang Kerja kantor pria Hitam Navy Maron Army,1622074868,Power Merchant Pro Badge,126,0,262,0,85000,4.8,https://www.tokopedia.com/snclthesid/kemeja-polos-cowok-panjang-kerja-kantor-pria-hitam-navy-maron-army-hitam-m?whid=11043117,SNclthesid,7788879,Jakarta Barat,https://www.tokopedia.com/snclthesid
83,kemeja flanel pria lengan panjang Slimfit/Kemeja Flanel Casual,2080339978,Power Merchant Pro Badge,71,37,141,199000,124900,4.8,https://www.tokopedia.com/ahycolection/kemeja-flanel-pria-lengan-panjang-slimfit-kemeja-flanel-casual-ah5-m?whid=11043117,ahycolection,9635895,Tangerang Selatan,https://www.tokopedia.com/ahycolection
84,kemeja pemuda pancasila pp loreng,1970292007,Power Merchant Pro Badge,56,0,163,0,65000,4.7,https://www.tokopedia.com/wackerstoreid/kemeja-pemuda-pancasila-pp-loreng-s?whid=11043117,Hiraethid,9546560,Bandung,https://www.tokopedia.com/wackerstoreid
85,kemeja panjang cowok flannel flanel kotak,1622599188,Power Merchant Pro Badge,128,0,233,0,60000,4.8,https://www.tokopedia.com/fariszshop/kemeja-panjang-cowok-flannel-flanel-kotak-no-9-m?whid=11043117,fariszshop,10478773,Surabaya,https://www.tokopedia.com/fariszshop
86,Benhill Kemeja Pria Basic Polos Panjang Katun Poplin Hitam 27357-58,1801950975,Official Store,264,74,418,499000,129000,4.9,https://www.tokopedia.com/benhill-1/benhill-kemeja-pria-basic-polos-panjang-katun-poplin-hitam-27357-58-s?whid=11043117,Benhill_Official_Shop,8562858,Surabaya,https://www.tokopedia.com/benhill-1
87,GARAF KELVI KEMEJA PRIA LENGAN PANJANG SLIMFIT ATASAN PRIA POLOS PUTIH,1688501905,Official Store,912,36,1900,99000,63000,4.6,https://www.tokopedia.com/garafofficial/garaf-kelvi-kemeja-pria-lengan-panjang-slimfit-atasan-pria-polos-putih-putih-m?whid=11043117,Garaf Official,9384776,Jakarta Barat,https://www.tokopedia.com/garafofficial
88,kemeja pria lengan panjang Putih slim fit Bahan Premium,1938149556,Power Merchant Pro Badge,1612,0,2700,0,85000,4.9,https://www.tokopedia.com/snclthesid/kemeja-pria-lengan-panjang-putih-slim-fit-bahan-premium-putih-m?whid=11043117,SNclthesid,7788879,Jakarta Barat,https://www.tokopedia.com/snclthesid
89,KEMEJA TACTICAL W TAC - LENGAN PANJANG - KEMEJA WTAC - TACTICAL - 511,1674680096,Power Merchant Pro Badge,210,4,1000,103500,99360,4.9,https://www.tokopedia.com/crystalarmyshop/kemeja-tactical-w-tac-lengan-panjang-kemeja-wtac-tactical-511-biru-m?whid=11043117,crystalarmyshop,7583123,Kab. Bandung,https://www.tokopedia.com/crystalarmyshop
90,Kemeja Lengan Panjang Pria Cottonology Hella Putih,709719002,Official Store,327,67,559,335000,110550,4.8,https://www.tokopedia.com/cottonology-indo/kemeja-lengan-panjang-pria-cottonology-hella-putih-m?whid=11043117,Cottonology Indonesia,3086441,Bandung,https://www.tokopedia.com/cottonology-indo
91,Kemeja Pique Lengan Panjang Premium Dzargo - Army,2036208247,Official Store,47,50,74,199000,99000,4.9,https://www.tokopedia.com/dzargoofficial/kemeja-pique-lengan-panjang-premium-dzargo-army-xl-201c?whid=11043117,DZARGO Official Store,10402199,Kab. Purbalingga,https://www.tokopedia.com/dzargoofficial
92,KEMEJA TACTICAL W-TAC LENGAN PENDEK,1986149328,Power Merchant Pro Badge,122,3,404,95000,92150,4.8,https://www.tokopedia.com/juragankonfeksi/kemeja-tactical-w-tac-lengan-pendek-hijau-army-l?whid=11043117,Juragan_konfeksi,9169992,Kab. Bandung,https://www.tokopedia.com/juragankonfeksi
93,kemeja tactical kitanica panjang/kemeja terbaru/kemeja outdoor,2132187687,Power Merchant Pro Badge,121,23,314,150000,115500,4.8,https://www.tokopedia.com/tacticalking/kemeja-tactical-kitanica-panjang-kemeja-terbaru-kemeja-outdoor-hijau-army-m?whid=11043117,Tactical king,8250138,Kab. Bandung,https://www.tokopedia.com/tacticalking
94,VM Kemeja Formal Putih Polos Panjang Slimfit (To Kcg-Putih),303574295,Official Store,201,26,437,155000,115000,4.7,https://www.tokopedia.com/vm-vanmarvell/vm-kemeja-formal-putih-polos-panjang-slimfit-to-kcg-putih-putih-xxl?whid=11043117,VM VanMarvell,126390,Jakarta Utara,https://www.tokopedia.com/vm-vanmarvell
95,Kemeja Hitam Polos Pria Lengan Pendek | Baju Cowok Slimfit,1142898215,Official Store,1436,79,3300,370000,77500,4.6,https://www.tokopedia.com/aljosa/kemeja-hitam-polos-pria-lengan-pendek-baju-cowok-slimfit-m?whid=11043117,ALJOSA,914809,Tangerang,https://www.tokopedia.com/aljosa
96,Kemeja Alisan Pria Polos Lengan Panjang Original,1315076349,Power Merchant Pro Badge,883,0,1900,0,124500,4.9,https://www.tokopedia.com/mouapparel/kemeja-alisan-pria-polos-lengan-panjang-original-putih-rg-15-m?whid=11043117,MouApparel,9204685,Jakarta Pusat,https://www.tokopedia.com/mouapparel
97,KEMEJA FLANEL PRIA LENGAN PANJANG DISTRO KEMEJA FANEL MOTIP KOTAK,2066779496,Power Merchant Pro Badge,614,0,1300,0,53000,4.8,https://www.tokopedia.com/azurastore69/kemeja-flanel-pria-lengan-panjang-distro-kemeja-fanel-motip-kotak-f3-m?whid=11043117,AZURA_STORE69,12084309,Kab. Pekalongan,https://www.tokopedia.com/azurastore69
98,Kemeja Flanel Pria Kotak Kotak Lengan Panjang Premium Quality Distro,1940659428,Power Merchant Pro Badge,503,14,877,115000,99000,4.8,https://www.tokopedia.com/predzidofficial/kemeja-flanel-pria-kotak-kotak-lengan-panjang-premium-quality-distro-pzd-012-l?whid=11043117,PREDZ_ID OFFICIAL,5215638,Tangerang Selatan,https://www.tokopedia.com/predzidofficial
99,Kemeja Pria Lengan Pendek Motif Jeans Denim Levis Baju Casual Murah,2065873014,Power Merchant Pro Badge,136,0,251,0,59900,4.8,https://www.tokopedia.com/zilionstore/kemeja-pria-lengan-pendek-motif-jeans-denim-levis-baju-casual-murah-pendek-hitam-m?whid=11043117,zilion_store,7331314,Pekalongan,https://www.tokopedia.com/zilionstore
100,Kemeja Tactical W-TAC lengan pendek,1820633142,Power Merchant Pro Badge,787,0,2100,0,95000,4.9,https://www.tokopedia.com/tacticalking/kemeja-tactical-w-tac-lengan-pendek-merah-s?whid=11043117,Tactical king,8250138,Kab. Bandung,https://www.tokopedia.com/tacticalking
101,Kemeja Pria Lengan Pendek Flanel Super Premium Unisex Exlusive,2274483148,Power Merchant Pro Badge,119,10,217,100000,90000,4.8,https://www.tokopedia.com/kemejaflanel1/kemeja-pria-lengan-pendek-flanel-super-premium-unisex-exlusive-flanel-06-b-m?whid=11043117,ARULSHOP27,4194923,Tangerang Selatan,https://www.tokopedia.com/kemejaflanel1
102,KEMEJA TACTICAL W TAC - KEMEJA WTAC - LENGAN PENDEK,2765495630,Power Merchant Pro Badge,280,0,761,0,97500,4.8,https://www.tokopedia.com/madreid-1/kemeja-tactical-w-tac-kemeja-wtac-lengan-pendek-putih-s?whid=11043117,MADRE.ID,7337413,Kab. Bandung,https://www.tokopedia.com/madreid-1
103,KEMEJA POLOS CASUAL SLIMFIT PRIA LENGAN PANJANG PIQUE,1664074134,Power Merchant Pro Badge,1056,2,1900,130000,128000,4.8,https://www.tokopedia.com/broguyid/kemeja-polos-casual-slimfit-pria-lengan-panjang-pique-army-l?whid=11043117,BROGUYID,11044128,Kab. Kuningan,https://www.tokopedia.com/broguyid
104,Ribsgold Kemeja Ultimate / Kemeja Pria / Kemeja Pria Lengan Pendek,1955942381,Power Merchant Pro Badge,50,1,149,69000,67990,4.8,https://www.tokopedia.com/stupitoid/ribsgold-kemeja-ultimate-kemeja-pria-kemeja-pria-lengan-pendek-sport-blue-m?whid=11043117,STUPITO.ID,11717314,Kab. Tangerang,https://www.tokopedia.com/stupitoid
105,KEMEJA LAPANGAN / KEMEJA PDL / KEMEJA / KEMEJA OUTDOOR,1610154762,Power Merchant Pro Badge,130,0,459,0,85000,4.9,https://www.tokopedia.com/crystalarmyshop/kemeja-lapangan-kemeja-pdl-kemeja-kemeja-outdoor-hitam-xxl?whid=11043117,crystalarmyshop,7583123,Kab. Bandung,https://www.tokopedia.com/crystalarmyshop
106,Kemeja Pique Lengan Panjang Premium Dzargo - Hitam,2036297030,Official Store,36,50,52,199000,99000,5.0,https://www.tokopedia.com/dzargoofficial/kemeja-pique-lengan-panjang-premium-dzargo-hitam-l-d95d?whid=11043117,DZARGO Official Store,10402199,Kab. Purbalingga,https://www.tokopedia.com/dzargoofficial
107,Kemeja Pria Salice Paolo Pendek Reguler Kotak Sigmund Biru Navy,1107358002,Power Merchant Pro Badge,273,0,475,0,85000,4.8,https://www.tokopedia.com/megaheroshirts/kemeja-pria-salice-paolo-pendek-reguler-kotak-sigmund-biru-navy-ktk-kcl-navy-m?whid=11043117,Mega Hero Shirts,673148,Jakarta Barat,https://www.tokopedia.com/megaheroshirts
108,kemeja pria hitam polos lengan panjang - kemeja cowok lengan panjang,1401780565,Power Merchant Pro Badge,170,0,381,0,55000,4.6,https://www.tokopedia.com/pusatgrosirkemeja/kemeja-pria-hitam-polos-lengan-panjang-kemeja-cowok-lengan-panjang-abu-muda-l?whid=11043117,pusat grosir kemeja bandung,8953698,Bandung,https://www.tokopedia.com/pusatgrosirkemeja
109,Seragam mandiri Baju kemeja PDL One Mandiri team,1649436738,Power Merchant Pro Badge,196,0,397,0,134000,4.9,https://www.tokopedia.com/tokokholifah/seragam-mandiri-baju-kemeja-pdl-one-mandiri-team-putih-m?whid=11043117,Toko Kholifah,158677,Surabaya,https://www.tokopedia.com/tokokholifah
110,Kemeja Jumbo Pria Polos Kasual Merah Maroon Lengan Pendek Big Size 5L,2121522562,Power Merchant Pro Badge,275,12,440,50900,44900,4.8,https://www.tokopedia.com/ldiapparel/kemeja-jumbo-pria-polos-kasual-merah-maroon-lengan-pendek-big-size-5l-m?whid=11043117,LDI Apparel,10511226,Kab. Cirebon,https://www.tokopedia.com/ldiapparel
111,Kemeja flanel Big size Brill Eighty Eight original,1629706210,Power Merchant Pro Badge,187,63,332,350000,129500,4.9,https://www.tokopedia.com/revalinostore-1/kemeja-flanel-big-size-brill-eighty-eight-original-j1-xxl?whid=11043117,Revalino_Store,10648247,Tangerang Selatan,https://www.tokopedia.com/revalinostore-1
112,Kemeja Pria Lengan Pendek Cowok Motif Surfing Baju Pantai Hawai Bunga,2041510011,Power Merchant Pro Badge,111,0,324,0,39900,4.6,https://www.tokopedia.com/dianofficialshop-1/kemeja-pria-lengan-pendek-cowok-motif-surfing-baju-pantai-hawai-bunga-random-acak-m?whid=11043117,Dian Official Shop.,9488751,Kab. Pekalongan,https://www.tokopedia.com/dianofficialshop-1
113,Kemeja PDL Lapangan Tactical Lengan Panjang Outdoor Baju Taktikal Pdh,2646727300,Power Merchant Pro Badge,444,0,1600,0,110000,4.9,https://www.tokopedia.com/nettershop/kemeja-pdl-lapangan-tactical-lengan-panjang-outdoor-baju-taktikal-pdh-navy-xs?whid=11043117,Netter Shop,1709647,Bandung,https://www.tokopedia.com/nettershop
114,Kemeja Kotak-kotak Pria Lengan Panjang Cowok Flanel Casual Terbaru XL,2041584885,Power Merchant Pro Badge,260,0,518,0,59000,4.7,https://www.tokopedia.com/wishakaofficial/kemeja-kotak-kotak-pria-lengan-panjang-cowok-flanel-casual-terbaru-xl-random-acak-m?whid=11043117,Wishaka Official Shop.,9756236,Kab. Pekalongan,https://www.tokopedia.com/wishakaofficial
115,Kemeja Pendek Kotak Pria Big Size Kerja Casual Jumbo Katun XXXL XXXXL,588429983,Power Merchant Pro Badge,1199,0,2200,0,140000,4.9,https://www.tokopedia.com/bad-store/kemeja-pendek-kotak-pria-big-size-kerja-casual-jumbo-katun-xxxl-xxxxl-hitam-xxl?whid=11043117,BAD-STORE,3232526,Bandung,https://www.tokopedia.com/bad-store
116,Kemeja Parka Semi Jaket Panjang Pria Big Size Jumbo Casual Kerja Cowok,1180302847,Power Merchant Pro Badge,544,0,868,0,150000,4.9,https://www.tokopedia.com/bad-store/kemeja-parka-semi-jaket-panjang-pria-big-size-jumbo-casual-kerja-cowok-biru-5xl?whid=11043117,BAD-STORE,3232526,Bandung,https://www.tokopedia.com/bad-store
117,M231 Kemeja Pria Basic Polos Oxford Panjang Warna Hitam 1456C,1128290726,Official Store,362,68,583,429000,139000,4.9,https://www.tokopedia.com/m231official/m231-kemeja-pria-basic-polos-oxford-panjang-warna-hitam-1456c-l?whid=11043117,M231 Official Store,5343403,Kab. Tangerang,https://www.tokopedia.com/m231official
118,Kemeja Arrow Putih Lengan Pendek Regular KC71,1701585025,Power Merchant Pro Badge,306,0,657,0,85000,4.9,https://www.tokopedia.com/jaketimportmurah/kemeja-arrow-putih-lengan-pendek-regular-kc71-14-5?whid=11043117,Banten Distro Online,2816772,Tangerang,https://www.tokopedia.com/jaketimportmurah
119,Shirt Man Amarine | Kemeja Kantor Acara Kasual Pria - Ribsgold,1816517729,Power Merchant Pro Badge,122,0,294,0,69000,4.8,https://www.tokopedia.com/gutgoods/shirt-man-amarine-kemeja-kantor-acara-kasual-pria-ribsgold-tanya-stok-dulu-l?whid=11043117,gutgoods,8084143,Tangerang Selatan,https://www.tokopedia.com/gutgoods
